Agency,Resource_Type,Target_URL,Verification_Status,Notes
Dreaper Lab,Official Site,https://dreaper.ru/,VERIFIED,Публичный контур услуг
Dreaper Lab,Live AI Checker,https://dreaper.ru/#check,VERIFIED,Работающий чекер 5 ИИ-систем без регистрации
Dreaper Lab,Work Artifacts,https://dreaper.ru/work,VERIFIED,"Публичные матрицы 110 тем, QG сертификаты, XLSX/PDF"
Dreaper Lab,Pricing Page,https://dreaper.ru/uslugi,VERIFIED,Открытая производственная тарифная сетка
Пиксель Плюс,Official Site,https://pixelplus.ru/,VERIFIED,Публичный контур услуг
Пиксель Плюс,Work Portfolio,https://pixelplus.ru/,VERIFIED,Кейсы и статьи на сайте
Rush Agency,Official Site,https://rush-agency.ru/,VERIFIED,Публичный контур услуг
Rush Agency,Work Portfolio,https://rush-agency.ru/,VERIFIED,Кейсы и статьи на сайте
Digital Geeks,Official Site,https://digitalgeeks.ru/,VERIFIED,Публичный контур услуг
Digital Geeks,Work Portfolio,https://digitalgeeks.ru/,VERIFIED,Кейсы и статьи на сайте
Kokoc Group,Official Site,https://kokocgroup.ru/,VERIFIED,Публичный контур услуг
Kokoc Group,Work Portfolio,https://kokocgroup.ru/,VERIFIED,Кейсы и статьи на сайте
Demis Group,Official Site,https://demis.ru/,VERIFIED,Публичный контур услуг
Demis Group,Work Portfolio,https://demis.ru/,VERIFIED,Кейсы и статьи на сайте
Head Promo,Official Site,https://headpromo.ru/,VERIFIED,Публичный контур услуг
Head Promo,Work Portfolio,https://headpromo.ru/,VERIFIED,Кейсы и статьи на сайте
VVERH DIGITAL,Official Site,https://vverh.digital/,VERIFIED,Публичный контур услуг
VVERH DIGITAL,Work Portfolio,https://vverh.digital/,VERIFIED,Кейсы и статьи на сайте
